Access_ID,Buy
798519314,
798663101,
798663221,
798760918,
798856982,
798898641,
798955308,
799117844,
799173361,
799220668,
799232931,
799274994,
799283872,
799315955,
799365523,
799407396,
799450160,
799464703,
799530467,
799640174,
799942224,
799957625,
799977093,
799981025,
799982993,
800068922,
800162566,
800190704,
800301855,
800303404,
800341466,
800357463,
800451262,
800596698,
800717082,
800768171,
800799204,
800800888,
800817115,
800860148,
801107000,
801260942,
801273802,
801314596,
801393718,
801398462,
801407113,
801425232,
801479207,
801535345,
801546914,
801547515,
801660675,
801704974,
801975678,
801987976,
802007490,
802044208,
802061437,
802223069,
802234787,
802303701,
802341116,
802421472,
802514375,
802534557,
802597322,
802609103,
802650287,
802652958,
802656195,
802740810,
802742464,
802813849,
802844194,
802866960,
802970269,
802988015,
803038976,
803137480,
803195364,
803447156,
803577178,
803625241,
803774907,
804046450,
804068966,
804222311,
804278986,
804288461,
804363974,
804623030,
804634765,
804692224,
804759879,
804843752,
804883092,
805143253,
805252741,
805317697,
805369407,
805397207,
805462635,
805635966,
805642629,
805686536,
805760926,
805852593,
805987301,
805993038,
806148666,
806223324,
806449349,
806502151,
806537626,
806569891,
806634693,
806687596,
806754251,
806795101,
806819716,
807088542,
807123650,
807135615,
807244715,
807349851,
807404377,
807449479,
807493109,
807572721,
807581596,
807691280,
807691438,
807775067,
807892813,
807913168,
807962217,
807975596,
808088690,
808188073,
808251178,
808332651,
808342438,
808406539,
808510778,
808647221,
808668395,
808814705,
808842114,
808863688,
809148026,
809183447,
809183767,
809245123,
809385506,
809516598,
809613345,
809669971,
809683063,
809967005,
809997516,
810104248,
810125662,
810129988,
810139485,
810223732,
810309635,
810353757,
810358576,
810435451,
810465508,
810771628,
811204915,
811327907,
811388459,
811533747,
811592532,
811745893,
811778652,
811801767,
811812175,
811878498,
811921380,
811953889,
811994540,
812012091,
812035637,
812096405,
812260546,
812262723,
812328019,
812332906,
812393089,
812422135,
812478072,
812484738,
812512289,
812557942,
812614517,
812698344,
812753473,
812780861,
812784024,
812844763,
812915074,
812929431,
813032187,
813196207,
813333213,
813398025,
813437562,
813512430,
813540505,
813572410,
813681132,
813813103,
813919292,
813930112,
814131352,
814198051,
814245062,
814252634,
814378769,
814527091,
814582827,
814598309,
814602786,
814861646,
814927592,
814949904,
814959999,
815132038,
815221765,
815384318,
815492083,
815549707,
815562829,
815573275,
815674794,
815779631,
815782371,
815807262,
815833844,
815900454,
815907185,
815930442,
816065912,
816075960,
816088045,
816203936,
816308610,
816473883,
816527395,
816586493,
816598902,
816610783,
816776410,
816935957,
816947752,
816960692,
816967141,
817085003,
817093853,
817134457,
817168363,
817294009,
817342449,
817446622,
817448848,
817632435,
817657312,
817834618,
817926989,
817949248,
817985131,
818196628,
818210702,
818330811,
818332482,
818590368,
818810498,
818845614,
818875171,
818968847,
818993967,
819066986,
819100647,
819177223,
819195945,
819375421,
819492031,
819511481,
819592187,
819653912,
819691570,
819699508,
819770101,
819810797,
819876508,
819881588,
819982251,
820132383,
820144148,
820206733,
820220514,
820241355,
820477397,
820628532,
820746137,
820782885,
820783766,
820900296,
820948988,
820952396,
820953649,
820957267,
821026423,
821253713,
821280377,
821402531,
821534717,
821541232,
821768205,
821777409,
821865530,
822115055,
822229076,
822234347,
822254282,
822291406,
822346001,
822355093,
822362175,
822390007,
822436471,
822519371,
822527352,
822558656,
822620170,
822677652,
822683410,
822737872,
822770795,
822873820,
822963919,
823057377,
823066794,
823088605,
823365229,
823543427,
823608131,
823706356,
823837150,
823953312,
824015232,
824058313,
824062758,
824122504,
824298198,
824315327,
824469889,
824568645,
824595410,
824610719,
824664762,
824742797,
824808864,
824987560,
825015529,
825218881,
825336997,
825365221,
825378855,
825578774,
825727518,
826216783,
826231601,
826252795,
826341434,
826368682,
826487633,
826557352,
826575771,
826600766,
826678066,
826707994,
826719557,
826721690,
826833145,
826864505,
826889895,
826946240,
827072763,
827075482,
827231930,
827238022,
827392891,
827421412,
827440600,
827495445,
827553447,
827628342,
827715920,
827726124,
827746165,
827777910,
827815668,
827855814,
827868816,
827888113,
828076785,
828083148,
828102459,
828155302,
828215598,
828219526,
828303064,
828325457,
828399688,
828508212,
828536549,
828583932,
828892243,
828969021,
828971989,
829173652,
829281145,
829533145,
829545765,
829555786,
829583839,
829697552,
829724754,
829745736,
829767692,
829794352,
829910027,
830200528,
830268614,
830668403,
830792288,
830810780,
830887718,
831067401,
831253473,
831293319,
831304121,
831349990,
831356558,
831393149,
831499329,
831628790,
831633279,
831633519,
831949644,
831983020,
832064725,
832173339,
832219718,
832265463,
832296638,
832311363,
832341172,
832400768,
832491887,
832564592,
832720590,
832777096,
832813054,
833020853,
833327094,
833369345,
833526627,
833610910,
833706308,
833854910,
833860310,
833875272,
833923162,
833956609,
834049481,
834232549,
834265508,
834322504,
834343121,
834525479,
834558457,
835006076,
835010704,
835101796,
835142972,
835377703,
835419346,
835638108,
835730311,
835756094,
835826561,
835928827,
836026308,
836062838,
836094777,
836206662,
836211055,
836282975,
836295142,
836357414,
836357608,
836428214,
836542229,
836632452,
836632630,
836677786,
836712183,
836859024,
836870031,
836951588,
836979233,
837060860,
837061604,
837116392,
837238602,
837261597,
837266892,
837476430,
837586200,
837676041,
837698813,
837793703,
837814079,
837822731,
837830965,
837855414,
837892521,
837906233,
837924575,
837956264,
838105042,
838134913,
838137937,
838194582,
838237030,
838287450,
838334221,
838392914,
838475783,
838588978,
838609775,
838719265,
838760997,
838799496,
838873377,
839061179,
839066615,
839180825,
839277436,
839284169,
839303142,
839346015,
839447663,
839455340,
839561762,
839572816,
839581647,
839606101,
839617790,
839636797,
839652699,
839823800,
839840180,
839849602,
839859747,
839870412,
839904504,
840037420,
840080818,
840171880,
840273525,
840384892,
840493916,
840517477,
840705575,
840708569,
840761869,
841061075,
841122594,
841215732,
841223254,
841317077,
841352746,
841353505,
841378400,
841457754,
841503605,
841654827,
841706009,
841712813,
841771351,
841856479,
841947188,
842175993,
842234990,
842336368,
842361539,
842500876,
842614549,
842686633,
842686635,
842900836,
842940296,
842991165,
843050712,
843066962,
843289991,
843322576,
843390593,
843483409,
843612189,
843790714,
843814237,
843885860,
843906043,
843981998,
843987275,
844032984,
844043179,
844103079,
844195928,
844206255,
844222212,
844254357,
844491266,
844568546,
844612016,
844643129,
844684531,
844695696,
844792840,
844942155,
845028233,
845041366,
845234207,
845291407,
845304614,
845386323,
845399574,
845508745,
845565164,
845629198,
845668329,
845692915,
845791823,
845824465,
845927576,
845941047,
845967564,
846053402,
846083057,
846106249,
846217639,
846222411,
846335289,
846466696,
846491427,
846625842,
846646006,
846684199,
846790563,
846793328,
846823250,
846854992,
846887929,
846902566,
846920128,
846953595,
846958610,
847015870,
847074972,
847079090,
847122060,
847261163,
847570681,
847607744,
847643645,
847672910,
847769941,
847780194,
847852347,
847862598,
848128353,
848140645,
848276933,
848337918,
848370350,
848387609,
848450198,
848585591,
848613921,
848757235,
848908431,
848928639,
849146556,
849160766,
849210946,
849249068,
849460330,
849469043,
849607004,
849797845,
849818871,
849923918,
849981251,
850073975,
850198577,
850293413,
850634810,
850702642,
850885165,
850931225,
851003970,
851050964,
851066269,
851073566,
851229683,
851276348,
851296219,
851362772,
851398066,
851435081,
851435165,
851465259,
851606268,
851645024,
851711336,
851729744,
851914461,
852027527,
852169029,
852201994,
852260615,
852333359,
852335836,
852420502,
852629686,
852676160,
852748397,
852821544,
852858299,
852862059,
852902311,
852967039,
853001315,
853055908,
853071081,
853190427,
853203587,
853290002,
853319802,
853437286,
853507214,
853512446,
853532044,
853560004,
853571255,
853601086,
853616549,
853657900,
853676155,
853717876,
853727693,
853752164,
853864980,
853891258,
854047187,
854069030,
854085943,
854216433,
854434795,
854555323,
854694125,
854699694,
854712691,
854712961,
854907827,
854908577,
854975272,
855040898,
855063069,
855125178,
855362776,
855435044,
855444281,
855657690,
855703675,
855736337,
855804054,
856053088,
856066632,
856084267,
856135504,
856188600,
856215121,
856257747,
856275974,
856355321,
856422980,
856541639,
856639691,
856698821,
856728240,
856756864,
856778418,
856797223,
856827226,
856916847,
856928901,
856936230,
856970940,
857128670,
857151231,
857167915,
857419170,
857457071,
857617323,
857718996,
857773232,
857868673,
858048863,
858160067,
858187627,
858360942,
858413601,
858521850,
858847133,
859004777,
859020805,
859085573,
859190793,
859197218,
859254168,
859318924,
859490109,
859517139,
859560387,
859577731,
859689809,
859821003,
859877590,
859955520,
860012389,
860192332,
860228808,
860244983,
860298355,
860325617,
860349423,
860366116,
860367925,
860508633,
860654716,
860741197,
860759593,
860871492,
860883158,
861051224,
861141358,
861208707,
861324420,
861361599,
861378736,
861410535,
861461570,
861469942,
861524697,
861540063,
861552522,
861650212,
861652003,
861703110,
861835114,
862010451,
862022056,
862143496,
862297392,
862363951,
862454531,
862500428,
862505620,
862518040,
862556908,
862730574,
862735746,
862736939,
862823941,
862842543,
862859518,
862902730,
862979116,
863000737,
863024102,
863235455,
863238467,
863319126,
863439463,
863571755,
863572818,
863605998,
863631038,
863733236,
863809915,
863832070,
863838462,
863853914,
863950992,
864023741,
864169708,
864194172,
864202695,
864223648,
864224451,
864374237,
864430777,
864447851,
864539144,
864553076,
864611565,
864816600,
864890247,
864914054,
865078748,
865085820,
865161075,
865163271,
865183071,
865216836,
865315760,
865401850,
865424392,
865454909,
865485804,
865526209,
865557207,
865671226,
865806949,
866109368,
866153380,
866269627,
866496255,
866741046,
866754258,
866869661,
866980325,
867060071,
867062251,
867134004,
867164877,
867167312,
867306016,
867452593,
867491908,
867495424,
867542584,
867670953,
867678042,
867733633,
867738147,
867779357,
867875729,
867936374,
867943337,
867968851,
868078756,
868178793,
868335519,
868417251,
868467142,
868687463,
868874886,
868920245,
869170688,
869220712,
869239646,
869271618,
869277366,
869325318,
869436483,
869486348,
869533963,
869564701,
869569939,
869725858,
869785626,
869872389,
869969123,
870020381,
870063401,
870100291,
870130504,
870178420,
870237286,
870255066,
870258351,
870296115,
870382644,
870399033,
870454381,
870489807,
870516985,
870597473,
870704422,
870708006,
870728868,
870747343,
870927673,
871002806,
871105403,
871106816,
871121608,
871176573,
871178636,
871217603,
871301050,
871313503,
871613331,
871635112,
871678583,
871737168,
871844059,
871888176,
872049654,
872088159,
872177630,
872189495,
872203126,
872225094,
872268413,
872273146,
872377031,
872380579,
872417574,
872486250,
872527109,
872569657,
872593277,
872600411,
872608807,
872694408,
872748849,
872824229,
872868257,
872887138,
872939240,
872979970,
872982263,
873011492,
873073018,
873164481,
873202312,
873338651,
873389929,
873390700,
873495298,
873499655,
873504571,
873505624,
873567346,
873583973,
873598435,
873795434,
873830251,
873859710,
873860054,
873878038,
873933361,
874002544,
874089897,
874191837,
874512652,
874569006,
874684088,
874702488,
874735154,
875044346,
875081932,
875124756,
875137150,
875329696,
875579779,
875587160,
875662964,
875664499,
875680909,
875810881,
875812726,
875909370,
876182222,
876272452,
876305252,
876389671,
876472714,
876493723,
876592441,
876636823,
876666048,
877013416,
877060317,
877078099,
877219186,
877257018,
877321423,
877371938,
877397597,
877417661,
877471039,
877502055,
877615429,
877668927,
877784041,
877972085,
878041521,
878160781,
878171803,
878229485,
878262821,
878303790,
878371017,
878526856,
878562186,
878581905,
878592494,
878716386,
878835720,
878845831,
878877219,
878924005,
878935975,
879004678,
879011159,
879051960,
879240580,
879308696,
879381105,
879498937,
879552255,
879614878,
879752429,
879944675,
880028533,
880173775,
880187924,
880295823,
880552891,
880831499,
880939428,
881197743,
881300542,
881347287,
881364530,
881558164,
881638786,
881653832,
881657682,
881695036,
881698252,
881731545,
881945322,
881987932,
881991016,
882037488,
882232717,
882233893,
882269118,
882349334,
882367157,
882392279,
882410588,
882411726,
882432934,
882477090,
882577620,
882589542,
882594723,
882792317,
882914922,
882937738,
883018925,
883137318,
883267533,
883273963,
883294362,
883299578,
883319987,
883386074,
883451945,
883485969,
883823096,
883864971,
883883874,
883886848,
883958873,
883987470,
883997199,
884198446,
884309162,
884413442,
884414659,
884478563,
884628434,
884640210,
884776734,
884830484,
884944375,
885015632,
885020294,
885036217,
885193762,
885253014,
885306471,
885350858,
885357209,
885428475,
885494947,
885569243,
885656084,
885677764,
885707540,
885764633,
885786125,
885857084,
885924258,
885971300,
885976475,
885977175,
885998443,
886180917,
886221702,
886310450,
886405781,
886415494,
886429673,
886646567,
886716065,
886777235,
886849334,
886870332,
886879720,
886963278,
887188347,
887222556,
887241628,
887296782,
887308204,
887367598,
887413035,
887427305,
887435557,
887472818,
887646213,
887695819,
887705994,
887972584,
887991364,
888018726,
888020674,
888033898,
888041147,
888071384,
888089803,
888135186,
888197240,
888254438,
888318746,
888369413,
888414031,
888462423,
888478024,
888841160,
889043923,
889051979,
889066749,
889258340,
889289798,
889291193,
889335942,
889436908,
889450359,
889467898,
889582801,
889602684,
889609837,
889689495,
889836421,
889925581,
889943083,
889959477,
890197735,
890331770,
890522820,
890661834,
890774200,
890783836,
890808058,
890922911,
890954590,
891046061,
891051790,
891071630,
891135265,
891317568,
891337290,
891376647,
891387490,
891503122,
891560984,
891757521,
891814612,
891840910,
892032454,
892080203,
892197977,
892355634,
892493352,
892640517,
892643434,
892651472,
892808322,
892899801,
892917549,
892965252,
893053959,
893238545,
893289921,
893322735,
893488329,
893551959,
893617651,
893717591,
893733800,
893808721,
893888293,
893997059,
893999282,
894283649,
894372251,
894603902,
894710307,
894837955,
894880874,
895107756,
895162072,
895231168,
895260929,
895304959,
895305334,
895321153,
895439777,
895452316,
895474103,
895503980,
895533309,
895593485,
895652594,
895739125,
895763318,
895764733,
895778416,
895917377,
896022441,
896073715,
896088288,
896127070,
896186269,
896266874,
896303446,
896424750,
896458747,
896466409,
896519075,
896538997,
896584105,
896626735,
896815299,
896828984,
896990728,
897041068,
897046550,
897083281,
897132354,
897154895,
897182053,
897255868,
897282894,
897318879,
897431268,
897442735,
897487236,
897570930,
897583334,
897685266,
897695926,
897715847,
897798464,
897809593,
897940115,
898011981,
898108267,
898113894,
898152707,
898189483,
898206288,
898419718,
898446119,
898471774,
898640866,
898735889,
898738194,
898882382,
898927779,
899199265,
899217687,
899360936,
899379074,
899436742,
899439370,
899470947,
899519896,
899556367,
899586517,
899661452,
899717883,
899806771,
899857058,
900007152,
900220411,
900236207,
900252433,
900290933,
900291528,
900472563,
900473234,
900486842,
900495389,
900518833,
900521419,
900526195,
900608436,
900652786,
900869008,
901036338,
901053938,
901063518,
901074546,
901082150,
901093165,
901141078,
901252761,
901503799,
901567204,
901646336,
901843319,
901914472,
902015105,
902317272,
902485816,
902622211,
902781515,
902902359,
902916972,
902919355,
903041910,
903273547,
903275303,
903281959,
903301683,
903322486,
903338173,
903342909,
903441023,
903482409,
903537439,
903614622,
903924835,
904023290,
904089536,
904108142,
904285184,
904314517,
904356366,
904359891,
904361882,
904426540,
904480416,
904484317,
904510566,
904602048,
904660314,
904738458,
904774314,
904783991,
904842500,
904859213,
904879757,
905011017,
905028535,
905031408,
905082109,
905276755,
905300049,
905364549,
905496859,
905555431,
905560418,
905716809,
905867130,
905869428,
905995237,
906024235,
906053292,
906084471,
906270422,
906328315,
906395815,
906408279,
906459172,
906510276,
906517788,
906673185,
906833906,
906860931,
907090518,
907162164,
907279741,
907388056,
907478315,
907606175,
907694431,
907737391,
907839799,
907890946,
908047329,
908169625,
908172777,
908258530,
908305657,
908338276,
908383397,
908467645,
908476671,
908536411,
908577239,
908654521,
909057020,
909093487,
909129530,
909141652,
909274853,
909284697,
909421580,
909539265,
909539640,
909610828,
909715184,
909722873,
909727028,
909807500,
909845998,
910022994,
910169425,
910195236,
910212947,
910286613,
910390103,
910420402,
910534952,
910550758,
910597746,
910598396,
910685017,
910710334,
910806438,
910849892,
911018739,
911027698,
911203650,
911353174,
911357129,
911422352,
911456637,
911555960,
911801692,
911978116,
912028095,
912051973,
912070615,
912070670,
912156966,
912195519,
912209118,
912303686,
912405306,
912428078,
912461290,
912595173,
912631777,
912707922,
912732969,
912808436,
912827658,
912977278,
913005073,
913081509,
913089310,
913097639,
913317006,
913332325,
913347689,
913356528,
913394448,
913402378,
913705320,
913749758,
913795406,
913875072,
913948111,
914053204,
914437022,
914469013,
914469879,
914559599,
914563493,
914605313,
914677315,
914694206,
914814468,
914913330,
915035382,
915056617,
915061373,
915114142,
915133250,
915254260,
915255403,
915276198,
915287415,
915325381,
915441002,
915541355,
915597259,
915623353,
915646780,
915688673,
915692142,
915718217,
915797357,
915798112,
915813308,
915896929,
915901826,
915916415,
915992784,
916103651,
916136733,
916229516,
916441050,
916480834,
916641623,
916642019,
916683615,
916766301,
916790023,
916792421,
916876367,
916892996,
916913194,
916971582,
916984370,
917013704,
917023797,
917086078,
917402225,
917407927,
917451240,
917553382,
917576226,
917616076,
917651206,
917815139,
917903863,
917915292,
917921347,
918002739,
918018645,
918210703,
918252013,
918298714,
918386553,
918719382,
918733235,
918746787,
918751758,
918806204,
918896660,
918930194,
918946655,
918980876,
919022493,
919140628,
919272890,
919325442,
919438019,
919499878,
919513057,
919707127,
919731010,
919850428,
919913492,
920001589,
920037554,
920125551,
920136261,
920564885,
920616732,
920635237,
920753412,
920765532,
920789345,
921019362,
921035918,
921088683,
921102379,
921193759,
921209802,
921239182,
921261753,
921414751,
921531385,
921738297,
921749340,
921751818,
921773723,
921785803,
921861128,
921876033,
921886013,
921966630,
922038928,
922074217,
922150908,
922219253,
922231203,
922287091,
922326088,
922345938,
922380279,
922401577,
922599769,
922612616,
922693971,
922720190,
922724090,
922827645,
922955719,
922990396,
923017596,
923201554,
923234470,
923316346,
923320354,
923383033,
923426068,
923505703,
923514108,
923542356,
923696093,
923709299,
923711016,
923742207,
924070173,
924124721,
924172418,
924278205,
924475970,
924479415,
924515699,
924568454,
924687896,
924758291,
924771429,
924904664,
924942271,
924944841,
925043700,
925244802,
925342288,
925371946,
925397341,
925421889,
925470422,
925520611,
925581596,
925630933,
925675241,
925692095,
925787656,
925850418,
925955880,
925956069,
925996185,
926069807,
926240901,
926244986,
926534702,
926591014,
926627515,
926792406,
926807030,
926818002,
926935816,
927020273,
927046231,
927130048,
927213093,
927268703,
927321563,
927674552,
927702191,
927722066,
927722390,
927954489,
927973959,
928025857,
928058480,
928064681,
928140132,
928298431,
928308630,
928518249,
928556452,
928693202,
928714552,
928773649,
928816381,
928834241,
928859230,
928900022,
929155578,
929160646,
929305036,
929471772,
929517829,
929591985,
929774676,
929952918,
930085014,
930131059,
930200228,
930218431,
930287207,
930413514,
930449882,
930546390,
930588687,
930589746,
930589910,
930627430,
930674150,
930749973,
930820555,
930927396,
930987364,
930998906,
931042006,
931132983,
931317544,
931391507,
931393144,
931521793,
931539157,
931674690,
931677145,
931768606,
931812059,
931880867,
931933982,
931996800,
932028818,
932160183,
932230443,
932308645,
932332706,
932339777,
932453101,
932551687,
932724157,
932912012,
933035592,
933137927,
933201129,
933250115,
933261671,
933304153,
933334377,
933389446,
933468940,
933612036,
933622547,
933659575,
933912738,
934008894,
934065016,
934084964,
934103800,
934185507,
934248700,
934267520,
934268323,
934274664,
934285397,
934340611,
934388839,
934512973,
934714851,
934734261,
934755150,
934765071,
934979847,
935025033,
935387940,
935420789,
935443739,
935525699,
935560858,
935585502,
935623041,
935634891,
935638189,
935700985,
935718525,
935744955,
935776139,
935920117,
936039985,
936152543,
936166152,
936323932,
936583662,
936586099,
936620859,
936638167,
936783381,
936795016,
936826698,
937012764,
937025043,
937120836,
937161118,
937315321,
937330761,
937575545,
937593410,
937656555,
937720024,
937726309,
937768741,
937928660,
937930018,
937945523,
938015330,
938132237,
938205673,
938223751,
938257876,
938321976,
938364101,
938400427,
938560458,
938582540,
938636284,
938709479,
938930189,
939009721,
939345635,
939549497,
939648874,
939659143,
939737543,
939905781,
939962009,
940002150,
940023949,
940024755,
940050954,
940095923,
940122541,
940162078,
940284047,
940424379,
940582591,
940691974,
940795416,
940868901,
940872108,
940885860,
940891053,
941069311,
941159145,
941201940,
941240912,
941299317,
941302512,
941428522,
941492862,
941505476,
941522192,
941543832,
941656238,
941703025,
941800848,
941822476,
941830969,
941961771,
942038409,
942189111,
942249506,
942274624,
942323073,
942492102,
942600640,
942656481,
942695901,
942743676,
942831344,
942850231,
942929678,
943110789,
943157410,
943261504,
943462344,
943602427,
943776749,
943793522,
943807398,
943923566,
943936396,
943953148,
944086748,
944136028,
944337253,
944357426,
944362185,
944416336,
944436858,
944589408,
944635213,
944657614,
944686854,
944760906,
944761687,
944826494,
944905076,
944984659,
945025956,
945052428,
945125958,
945385474,
945421106,
945430420,
945448140,
945448880,
945473912,
945632739,
945783614,
945811106,
945897027,
945976178,
945993066,
946121389,
946205695,
946206861,
946261156,
946332811,
946342171,
946348857,
946444817,
946484976,
946523041,
946618903,
946654102,
946754907,
946810207,
946893336,
947061420,
947083870,
947204305,
947359227,
947361865,
947716445,
947728630,
947746614,
947945306,
948020083,
948080431,
948144596,
948182251,
948203748,
948214898,
948246766,
948350184,
948410238,
948594745,
948630883,
948639551,
948701969,
948920375,
949019175,
949034859,
949113917,
949248925,
949291640,
949359109,
949416291,
949509928,
949649764,
949842132,
949894368,
950013609,
950056215,
950076738,
950097037,
950295395,
950316866,
950321836,
950425177,
950482725,
950493279,
950516246,
950542962,
950650862,
950672351,
950707360,
950777042,
950806089,
950819944,
950844490,
950849719,
950861633,
950875470,
950930743,
950963000,
951011507,
951033037,
951291157,
951310596,
951371121,
951421063,
951438325,
951510243,
951564172,
951642187,
951876549,
951925218,
952014715,
952028079,
952121945,
952146755,
952175082,
952416722,
952533057,
952593734,
952656515,
952842962,
952860055,
952996795,
953014773,
953030689,
953046347,
953167528,
953202794,
953376808,
953457482,
953516529,
953549959,
953555166,
953697173,
953753919,
953824546,
953935465,
954036193,
954077508,
954104775,
954143462,
954429950,
954459306,
954692619,
954750048,
955068877,
955144013,
955430247,
955452754,
955534459,
955644121,
955697639,
955775054,
955916195,
955916292,
955937983,
956024586,
956032897,
956111559,
956120803,
956266011,
956550428,
956643209,
956657782,
956660169,
956831081,
956834483,
956875963,
956885226,
956940342,
956981252,
957016781,
957043944,
957087456,
957090815,
957192452,
957239377,
957244375,
957385347,
957417401,
957433593,
957465445,
957475284,
957576235,
957682249,
957859593,
957931436,
958020633,
958109915,
958161103,
958168744,
958179312,
958282849,
958339880,
958369157,
958410398,
958491910,
958494402,
958551961,
958591583,
958676345,
958738591,
958749144,
958871771,
958895293,
958910475,
958973565,
959113005,
959385490,
959433640,
959500608,
959517024,
959530311,
959576771,
959589895,
959652038,
959692682,
959714296,
959787319,
959931515,
960166801,
960190500,
960404153,
960494670,
960547669,
960779504,
960801091,
960817432,
960864867,
960895504,
960897210,
961028698,
961089755,
961145246,
961214349,
961275055,
961296541,
961318435,
961462821,
961664908,
961773762,
961829281,
961894374,
961931707,
961939573,
961941286,
962042726,
962063064,
962147749,
962182167,
962218682,
